{
    "acc_EBHighR9_p0": [
        0.26596595195725664, 
        0.0075666683702477365, 
        0.3489819925161062
    ], 
    "acc_EBHighR9_p1": [
        0.00015518797834334404, 
        7.110445442275686e-05, 
        -0.00028409335876946603
    ], 
    "acc_EBHighR9_p2": [
        -1.0575543932919446e-08, 
        -2.0473330722113074e-08, 
        3.74393972552864e-08
    ], 
    "acc_EBLowR9_p0": [
        0.26596595195725664, 
        0.0075666683702477365, 
        0.3489819925161062
    ], 
    "acc_EBLowR9_p1": [
        0.00015518797834334404, 
        7.110445442275686e-05, 
        -0.00028409335876946603
    ], 
    "acc_EBLowR9_p2": [
        -1.0575543932919446e-08, 
        -2.0473330722113074e-08, 
        3.74393972552864e-08
    ], 
    "acc_EEHighR9_p0": [
        0.35352452213895874, 
        -0.0017265870797192272, 
        -0.19685755720832163
    ], 
    "acc_EEHighR9_p1": [
        -9.399066282265288e-05, 
        -3.423634296204329e-05, 
        0.00015631003727814446
    ], 
    "acc_EEHighR9_p2": [
        6.619674988304765e-09, 
        9.789224582339755e-09, 
        -2.006359239362639e-08
    ], 
    "acc_EELowR9_p0": [
        0.35352452213895874, 
        -0.0017265870797192272, 
        -0.19685755720832163
    ], 
    "acc_EELowR9_p1": [
        -9.399066282265288e-05, 
        -3.423634296204329e-05, 
        0.00015631003727814446
    ], 
    "acc_EELowR9_p2": [
        6.619674988304765e-09, 
        9.789224582339755e-09, 
        -2.006359239362639e-08
    ], 
    "cic_avg_reco_eff_EBHighR9": [
        0.41417744589915423, 
        0.00019252074154184245, 
        -2.556629349931847e-08
    ], 
    "cic_avg_reco_eff_EBLowR9": [
        0.41117030992028636, 
        -0.00016448338805718121, 
        2.1588798373425477e-08
    ], 
    "cic_avg_reco_eff_EEHighR9": [
        0.491261774573411, 
        0.00010235670693486135, 
        -1.1489847083395797e-08
    ], 
    "cic_avg_reco_eff_EELowR9": [
        0.2645154072348098, 
        -5.68344246860642e-05, 
        4.8884197374866006e-09
    ]
}