{
    "acc_EBEB_p0": [
        0.3983524319948841, 
        0.0, 
        0.0
    ], 
    "acc_EBEB_p1": [
        0.00016468452673370647, 
        0.0, 
        0.0
    ], 
    "acc_EBEB_p2": [
        -2.3037032312962094e-08, 
        0.0, 
        0.0
    ], 
    "acc_EBEE_p0": [
        0.29325339017615315, 
        0.0, 
        0.0
    ], 
    "acc_EBEE_p1": [
        -0.00010847419119791699, 
        0.0, 
        0.0
    ], 
    "acc_EBEE_p2": [
        1.4191660441639375e-08, 
        0.0, 
        0.0
    ],
    "cic_avg_reco_eff_EBEB": [
        0.8376895565106177, 
        1.9566780124479463e-05, 
        -2.8739949375004025e-09
    ], 
    "cic_avg_reco_eff_EBEE": [
        0.7379735423767637, 
        4.5524069501101976e-05, 
        -5.5079343063577004e-09
    ],


    "acc_EBEB016_p0": [
        0.3983524319948841, 
        0.0, 
        0.0
    ], 
    "acc_EBEB016_p1": [
        0.00016468452673370647, 
        0.0, 
        0.0
    ], 
    "acc_EBEB016_p2": [
        -2.3037032312962094e-08, 
        0.0, 
        0.0
    ], 
    "acc_EBEE016_p0": [
        0.29325339017615315, 
        0.0, 
        0.0
    ], 
    "acc_EBEE016_p1": [
        -0.00010847419119791699, 
        0.0, 
        0.0
    ], 
    "acc_EBEE016_p2": [
        1.4191660441639375e-08, 
        0.0, 
        0.0
    ],
    "cic_avg_reco_eff_EBEB016":  [0.6863153944103902, 4.233738463602484e-05, -5.122378904912661e-09],
    "cic_avg_reco_eff_EBEE016" : [0.7790512875548744, 1.81971055157659e-05, -2.672815291875374e-09],
    "cic_avg_reco_eff_EBEB016_43fb":  [0.7874281831199806, 1.8392773317010694e-05, -2.701555241250378e-09], 
    "cic_avg_reco_eff_EBEE016_43fb" : [0.7158343361054608, 4.4158347416068915e-05, -5.342696277166969e-09],
    "cic_avg_reco_eff_EBEB016_noSF": [
        0.8376895565106177, 
        1.9566780124479463e-05, 
        -2.8739949375004025e-09
    ], 
    "cic_avg_reco_eff_EBEE016_noSF": [
        0.7379735423767637, 
        4.5524069501101976e-05, 
        -5.5079343063577004e-09
    ]
}
