{
    "acc_EBEB_p0": [
        0.3983524319948841, 
        0.0, 
        0.0
    ], 
    "acc_EBEB_p1": [
        0.00016468452673370647, 
        0.0, 
        0.0
    ], 
    "acc_EBEB_p2": [
        -2.3037032312962094e-08, 
        0.0, 
        0.0
    ], 
    "acc_EBEE_p0": [
        0.29325339017615315, 
        0.0, 
        0.0
    ], 
    "acc_EBEE_p1": [
        -0.00010847419119791699, 
        0.0, 
        0.0
    ], 
    "acc_EBEE_p2": [
        1.4191660441639375e-08, 
        0.0, 
        0.0
    ],
    "cic_avg_reco_eff_EBEB": [
        0.8401642684277774, 
        1.6375118194019677e-05, 
        -2.2291644779626954e-09
    ], 
    "cic_avg_reco_eff_EBEE": [
        0.7694132984526855, 
        2.6882594698495216e-05, 
        -2.9928543627627068e-09
    ]
}