{
    "acc_EBEB_p0": [
        0.26596595195725664, 
        0.0075666683702477365, 
        0.3489819925161062
    ], 
    "acc_EBEB_p1": [
        0.00015518797834334404, 
        7.110445442275686e-05, 
        -0.00028409335876946603
    ], 
    "acc_EBEB_p2": [
        -1.0575543932919446e-08, 
        -2.0473330722113074e-08, 
        3.74393972552864e-08
    ], 
    "acc_EBEE_p0": [
        0.35352452213895874, 
        -0.0017265870797192272, 
        -0.19685755720832163
    ], 
    "acc_EBEE_p1": [
        -9.399066282265288e-05, 
        -3.423634296204329e-05, 
        0.00015631003727814446
    ], 
    "acc_EBEE_p2": [
        6.619674988304765e-09, 
        9.789224582339755e-09, 
        -2.006359239362639e-08
    ], 
    "cic_avg_reco_eff_EBEB": [
        0.8376895565106177, 
        1.9566780124479463e-05, 
        -2.8739949375004025e-09
    ], 
    "cic_avg_reco_eff_EBEE": [
        0.7379735423767637, 
        4.5524069501101976e-05, 
        -5.5079343063577004e-09
    ]
}