{
    "acc_EBEB0T_p0": [
        0.26596595195725664, 
        0.0075666683702477365, 
        0.3489819925161062
    ], 
    "acc_EBEB0T_p1": [
        0.00015518797834334404, 
        7.110445442275686e-05, 
        -0.00028409335876946603
    ], 
    "acc_EBEB0T_p2": [
        -1.0575543932919446e-08, 
        -2.0473330722113074e-08, 
        3.74393972552864e-08
    ], 
    "acc_EBEE0T_p0": [
        0.35352452213895874, 
        -0.0017265870797192272, 
        -0.19685755720832163
    ], 
    "acc_EBEE0T_p1": [
        -9.399066282265288e-05, 
        -3.423634296204329e-05, 
        0.00015631003727814446
    ], 
    "acc_EBEE0T_p2": [
        6.619674988304765e-09, 
        9.789224582339755e-09, 
        -2.006359239362639e-08
    ], 
 
    "cic_avg_reco_eff_EBEB0T": [
        0.6816921966732814, 
        1.7586510783072316e-05, 
        -7.164217019211099e-09
    ], 
    "cic_avg_reco_eff_EBEE0T": [
        0.5985976215371862, 
        1.4430095843274856e-05, 
        -3.372174844429491e-09
    ],

   "cic_avg_reco_eff_EBEB0T": [
        0.6333533461831548, 
        2.2043617287216218e-05, 
        -8.209965973656908e-09
    ], 
    "cic_avg_reco_eff_EBEE0T": [
        0.5672847533577005, 
        2.0272168210209283e-05, 
        -4.385028537820018e-09
    ]
}