{
    "GJets_HT-100to200_Tune4C_13TeV-madgraph-tauola" : { "xs" : 1534.0 },
    "GJets_HT-200to400_Tune4C_13TeV-madgraph-tauola" : { "xs" : 490.0 },
    "GJets_HT-400to600_Tune4C_13TeV-madgraph-tauola" : { "xs" : 62.05 },
    "GJets_HT-600toInf_Tune4C_13TeV-madgraph-tauola" : { "xs" : 20.87 },
    "GGJets_M-200To500_Pt-50_13TeV-sherpa" : { "xs" :  2.4338299999999999 },
    "GGJets_M-500To1000_Pt-50_13TeV-sherpa" : { "xs" :  0.172872 },
    "GGJets_M-1000To2000_Pt-50_13TeV-sherpa" : { "xs" :  0.0104901 },
    "GGJets_M-2000To4000_Pt-50_13TeV-sherpa" : { "xs" :  0.000439813 },
    "GGJets_M-4000To8000_Pt-50_13TeV-sherpa" : { "xs" :  2.1969699999999999e-06 },
    "GGJets_M-8000To13000_Pt-50_13TeV-sherpa" : { "xs" :  7.0531399999999995e-11 },
    "RSGravToGG_kMpl-02_M-5000_Tune4C_13TeV-pythia8" : { "xs" : 0.00005019  },
    "RSGravToGG_kMpl-02_M-3000_Tune4C_13TeV-pythia8" : { "xs" : 0.0045  },
    "RSGravToGG_kMpl-02_M-1500_Tune4C_13TeV-pythia8" : { "xs" : 0.4202  },
    "RSGravToGG_kMpl-01_M-3000_Tune4C_13TeV-pythia8" : { "xs" : 0.001229 },
    "RSGravToGG_kMpl-01_M-1500_Tune4C_13TeV-pythia8" : { "xs" : 0.1086  },
    "RSGravToGG_kMpl-001_M-1500_Tune4C_13TeV-pythia8" : { "xs" : 0.001095 },
    "RSGravToGG_kMpl-001_M-750_Tune4C_13TeV-pythia8"  : { "xs" : 0.04471 }
} 
