{

"GGJets_M-60To200_Pt-50_13TeV-sherpa": {"xs": 5.971, "xs_err": 0.05872},
 "RSGravToGG_kMpl-001_M-1250_TuneCUEP8M1_13TeV-pythia8": {"xs": 0.003735,
                                                          "xs_err": 4.054e-05},
 "RSGravToGG_kMpl-001_M-1750_TuneCUEP8M1_13TeV-pythia8": {"xs": 1.55,
                                                          "xs_err": 0.0061},
 "RSGravToGG_kMpl-001_M-2250_TuneCUEP8M1_13TeV-pythia8": {"xs": 0.0001164,
                                                          "xs_err": 1.859e-06},
 "RSGravToGG_kMpl-001_M-2500_TuneCUEP8M1_13TeV-pythia8": {"xs": 0.3148,
                                                          "xs_err": 0.001259},
 "RSGravToGG_kMpl-001_M-2750_TuneCUEP8M1_13TeV-pythia8": {"xs": 2.849e-05,
                                                          "xs_err": 2.778e-07},
 "RSGravToGG_kMpl-001_M-3250_TuneCUEP8M1_13TeV-pythia8": {"xs": 7.918e-06,
                                                          "xs_err": 9.814e-08},
 "RSGravToGG_kMpl-001_M-3500_TuneCUEP8M1_13TeV-pythia8": {"xs": 4.339e-06,
                                                          "xs_err": 4.073e-08},
 "RSGravToGG_kMpl-001_M-3750_TuneCUEP8M1_13TeV-pythia8": {"xs": 2.387e-06,
                                                          "xs_err": 2.925e-08},
 "RSGravToGG_kMpl-001_M-4500_TuneCUEP8M1_13TeV-pythia8": {"xs": 4.385e-07,
                                                          "xs_err": 5e-09},
 "RSGravToGG_kMpl-001_M-740_TuneCUEP8M1_13TeV-pythia8": {"xs": 0.05503,
                                                         "xs_err": 0.0006913},
 "RSGravToGG_kMpl-001_M-745_TuneCUEP8M1_13TeV-pythia8": {"xs": 0.05211,
                                                         "xs_err": 0.0004768},
 "RSGravToGG_kMpl-001_M-760_TuneCUEP8M1_13TeV-pythia8": {"xs": 0.04816,
                                                         "xs_err": 0.001114},
 "RSGravToGG_kMpl-001_M-765_TuneCUEP8M1_13TeV-pythia8": {"xs": 0.04681,
                                                         "xs_err": 0.0004525},
 "RSGravToGG_kMpl-001_M-770_TuneCUEP8M1_13TeV-pythia8": {"xs": 0.04564,
                                                         "xs_err": 0.0006006},

 "GJets_DR-0p4_HT-100To200_TuneCUETP8M1_13TeV-madgraphMLM-pythia8": {"xs": 4881.0, "xs_err": 58.15},
 "GJets_DR-0p4_HT-200To400_TuneCUETP8M1_13TeV-madgraphMLM-pythia8": {"xs": 1092.0, "xs_err": 18.62},
 "GJets_DR-0p4_HT-400To600_TuneCUETP8M1_13TeV-madgraphMLM-pythia8": {"xs": 126.3, "xs_err": 2.062},
 "GJets_DR-0p4_HT-40To100_TuneCUETP8M1_13TeV-madgraphMLM-pythia8": {"xs": 18420.0, "xs_err": 259.5},
 "GJets_DR-0p4_HT-600ToInf_TuneCUETP8M1_13TeV-madgraphMLM-pythia8": {"xs": 44.75, "xs_err": 0.9077},

    "GJets_HT-100to200_Tune4C_13TeV-madgraph-tauola" : { "xs" : 1534.0 },
    "GJets_HT-200to400_Tune4C_13TeV-madgraph-tauola" : { "xs" : 490.0 },
    "GJets_HT-400to600_Tune4C_13TeV-madgraph-tauola" : { "xs" : 62.05 },
    "GJets_HT-600toInf_Tune4C_13TeV-madgraph-tauola" : { "xs" : 20.87 },

    "_GGJets_M-200To500_Pt-50_13TeV-sherpa" : { "xs" :  2.4338299999999999 },
    "_GGJets_M-500To1000_Pt-50_13TeV-sherpa" : { "xs" :  0.172872 },
    "_GGJets_M-1000To2000_Pt-50_13TeV-sherpa" : { "xs" :  0.0104901, "kf" : 1.2 },
    "_GGJets_M-2000To4000_Pt-50_13TeV-sherpa" : { "xs" :  0.000439813, "kf" : 1.2 },
    "_GGJets_M-4000To8000_Pt-50_13TeV-sherpa" : { "xs" :  2.1969699999999999e-06, "kf" : 1.2 },
    "_GGJets_M-8000To13000_Pt-50_13TeV-sherpa" : { "xs" :  7.0531399999999995e-11, "kf" : 1.2 },
    
    "_RSGravToGG_kMpl-02_M-5000_Tune4C_13TeV-pythia8" : { "xs" : 0.00005019  },
    "_RSGravToGG_kMpl-02_M-3000_Tune4C_13TeV-pythia8" : { "xs" : 0.0045  },
    "_RSGravToGG_kMpl-02_M-1500_Tune4C_13TeV-pythia8" : { "xs" : 0.4202  },
    "_RSGravToGG_kMpl-01_M-3000_Tune4C_13TeV-pythia8" : { "xs" : 0.001229 },
    "_RSGravToGG_kMpl-01_M-1500_Tune4C_13TeV-pythia8" : { "xs" : 0.1086  },
    "_RSGravToGG_kMpl-001_M-1500_Tune4C_13TeV-pythia8" : { "xs" : 0.001095 },
    "_RSGravToGG_kMpl-001_M-750_Tune4C_13TeV-pythia8"  : { "xs" : 0.04471 },
    "_RSGravToGG_kMpl001_M_5000_Tune4C_13TeV_pythia8" : { "xs" : 0.000000142 },

    "QCD_HT-100To250_13TeV-madgraph" : { "xs" : 28730000.0 },
    "QCD_HT_250To500_13TeV-madgraph" : { "xs" : 670500.0 },
    "QCD_HT-500To1000_13TeV-madgraph": { "xs" : 26740.0 },
    "QCD_HT_1000ToInf_13TeV-madgraph": { "xs" : 769.7 },

    "QCD_HT100to200_TuneCUETP8M1_13TeV-madgraphMLM-pythia8"   : { "xs" : 2.803e+07 },
    "QCD_HT200to300_TuneCUETP8M1_13TeV-madgraphMLM-pythia8"   : { "xs" : 1.708e+06 },
    "QCD_HT300to500_TuneCUETP8M1_13TeV-madgraphMLM-pythia8"   : { "xs" : 3.509e+05 },
    "QCD_HT500to700_TuneCUETP8M1_13TeV-madgraphMLM-pythia8"   : { "xs" : 3.196e+04 },
    "QCD_HT700to1000_TuneCUETP8M1_13TeV-madgraphMLM-pythia8"  : { "xs" : 7.029e+03 },
    "QCD_HT1000to1500_TuneCUETP8M1_13TeV-madgraphMLM-pythia8" : { "xs" : 1.230e+03 },
    "QCD_HT1500to2000_TuneCUETP8M1_13TeV-madgraphMLM-pythia8" : { "xs" : 1.174e+02 },
    "QCD_HT2000toInf_TuneCUETP8M1_13TeV-madgraphMLM-pythia8"  : { "xs" : 2.520e+01 },
    
    "GGJets_M-200To500_Pt-50_13TeV-sherpa"    : { "xs" : 2.047e+00  },
    "GGJets_M-500To1000_Pt-50_13TeV-sherpa"   : { "xs" : 1.510e-01  },
    "GGJets_M-1000To2000_Pt-50_13TeV-sherpa"  : { "xs" : 1.084e-02  },
    "GGJets_M-2000To4000_Pt-50_13TeV-sherpa"  : { "xs" : 3.690e-04  },
    "GGJets_M-4000To6000_Pt-50_13TeV-sherpa"  : { "xs" : 2.451e-06  },
    "GGJets_M-6000To8000_Pt-50_13TeV-sherpa"  : { "xs" : 1.753e-08  },
    "GGJets_M-8000To13000_Pt-50_13TeV-sherpa" : { "xs" : 7.053e-11  },
    
    "GJets_HT-400To600_TuneCUETP8M1_13TeV-madgraphMLM-pythia8" : { "xs" :2.816e+02 },
    "GJets_HT-600ToInf_TuneCUETP8M1_13TeV-madgraphMLM-pythia8" : { "xs" :9.465e+01 },
    "GJets_HT-40To100_TuneCUETP8M1_13TeV-madgraphMLM-pythia8"  : { "xs" :2.121e+04 },
    "GJets_HT-100To200_TuneCUETP8M1_13TeV-madgraphMLM-pythia8" : { "xs" :9.863e+03 },
    "GJets_HT-200To400_TuneCUETP8M1_13TeV-madgraphMLM-pythia8" : { "xs" :2.298e+03 },
    
    "WJetsToLNu_HT-100To200_TuneCUETP8M1_13TeV-madgraphMLM-pythia8" : { "xs" :1.313e+03 },
    "WJetsToLNu_HT-200To400_TuneCUETP8M1_13TeV-madgraphMLM-pythia8" : { "xs" :3.575e+02 },
    "WJetsToLNu_HT-400To600_TuneCUETP8M1_13TeV-madgraphMLM-pythia8" : { "xs" :4.888e+01 },
    "WJetsToLNu_HT-600ToInf_TuneCUETP8M1_13TeV-madgraphMLM-pythia8" : { "xs" :1.872e+01 },

    "WJetsToLNu_HT-600To800_TuneCUETP8M1_13TeV-madgraphMLM-pythia8"   : { "xs" :12.26 },
    "WJetsToLNu_HT-800To1200_TuneCUETP8M1_13TeV-madgraphMLM-pythia8"  : { "xs" :5.557 },
    "WJetsToLNu_HT-1200To2500_TuneCUETP8M1_13TeV-madgraphMLM-pythia8" : { "xs" :1.302 },
    "WJetsToLNu_HT-2500ToInf_TuneCUETP8M1_13TeV-madgraphMLM-pythia8"  : { "xs" :0.02865 },
    
    "TTJets_TuneCUETP8M1_13TeV-madgraphMLM-pythia8" : { "xs" : 5.091e+02 },
    "WWTo2L2Nu_13TeV-powheg" : { "xs" : 10.48 },
    "WZJets_TuneCUETP8M1_13TeV-amcatnloFXFX-pythia8" : { "xs" : 5.257 },
    "ZZTo4L_13TeV_powheg_pythia8" : { "xs" : 1.256 },
  
    "QCD_Pt-120to170_EMEnriched_TuneCUETP8M1_13TeV_pythia8":{ "xs" : 7.517e+04 },
    "QCD_Pt-15to20_EMEnriched_TuneCUETP8M1_13TeV_pythia8":{ "xs" : 1.598e+06 },
    "QCD_Pt-20to30_EMEnriched_TuneCUETP8M1_13TeV_pythia8" : { "xs" : 557600000, "br" : 0.0096 },
    "QCD_Pt-30to50_EMEnriched_TuneCUETP8M1_13TeV_pythia8":{ "xs" : 6.876e+06 },
    "QCD_Pt-50to80_EMEnriched_TuneCUETP8M1_13TeV_pythia8":{ "xs" : 2.180e+06 },
    "QCD_Pt-80to120_EMEnriched_TuneCUETP8M1_13TeV_pythia8":{ "xs" : 4.140e+05 },
    "QCD_Pt_1000to1400_TuneCUETP8M1_13TeV_pythia8":{ "xs" : 9.285e+00 },
    "QCD_Pt_120to170_TuneCUETP8M1_13TeV_pythia8":{ "xs" : 4.633e+05 },
    "QCD_Pt_1400to1800_TuneCUETP8M1_13TeV_pythia8":{ "xs" : 8.376e-01 },
    "QCD_Pt_1800to2400_TuneCUETP8M1_13TeV_pythia8":{ "xs" : 1.121e-01 },
    "QCD_Pt_2400to3200_TuneCUETP8M1_13TeV_pythia8":{ "xs" : 6.794e-03 },
    "QCD_Pt_300to470_TuneCUETP8M1_13TeV_pythia8":{ "xs" : 7.831e+03 },
    "QCD_Pt_30to50_TuneCUETP8M1_13TeV_pythia8":{ "xs" : 1.390e+08 },